schemeTitle,schemeDate,URL 
$3000 grants for small business,Apply before Sunday 16 August 2020- 11:59pm AEST,https://www.service.nsw.gov.au/transaction/apply-small-business-covid-19-recovery-grant
Service NSW COVID-19 Assistance Finder,Find out more,https://disasterassistance.service.nsw.gov.au/covid?utm_source=nswgov&utm_medium=referral&utm_campaign=nswgov_bus
Cash flow for employer payments,Check eligibility,https://www.business.gov.au/Risk-management/Emergency-management/Coronavirus-information-and-support-for-business/Boosting-cash-flow-for-employers
COVID-19 Rescue and Restart Package (for NSW arts and cultural sector),Find out more,https://www.create.nsw.gov.au/news-and-publications/news/covid-19-rescue-and-restart-package-announced-for-nsw-arts-and-cultural-sector/
Screen NSW Slate Development Fund (for production companies),Find out more,https://screen.nsw.gov.au/funding/development/slate-development
Assistance for exporters,Find out more and register interest,https://www.business.nsw.gov.au/export-from-nsw/export-assistance/export-support-packages
HomeBuilder grant,Check eligibility,https://www.revenue.nsw.gov.au/news-media-releases/covid-19-tax-relief-measures/homebuilder-program
Loan guarantees for small-to-medium businesses,Check eligibility,https://treasury.gov.au/coronavirus/sme-guarantee-scheme
JobKeeper Payments (wage subsidies),Information and enrolment,https://www.ato.gov.au/General/JobKeeper-Payment/Employers/
Apprentice and trainee subsidies,extended to March 2021- check eligibility,https://www.australianapprenticeships.gov.au/node/3977
